246,124,,None
-,-,,None
-,-,,None
248,116,,None
248,118,,None
248,116,,None
-,-,,None
-,-,,None
-,-,,None
-,-,,None
-,-,,None
-,-,,None
-,-,,None
-,-,,None
248,118,,None
-,-,,None
-,-,,None
-,-,,None
248,116,,None
-,-,,None
-,-,,None
246,124,,None
-,-,,None
248,118,,None
-,-,,None
-,-,,None
-,-,,None
-,-,,None
-,-,,None
-,-,,None
248,120,,None
248,116,,None
-,-,,None
-,-,,None
-,-,,None
246,116,,None
-,-,,None
-,-,,None
248,116,,None
248,116,,None
-,-,,None
-,-,,None
-,-,,None
-,-,,None
-,-,,None
-,-,,None
-,-,,None
-,-,,None
248,116,,None
-,-,,None
-,-,,None
-,-,,None
-,-,,None
-,-,,None
-,-,,None
246,116,,None
248,118,,None
246,118,,None
-,-,,None
-,-,,None
-,-,,None
-,-,,None
-,-,,None
-,-,,None
-,-,,None
620,740,,None
618,760,,None
624,774,,None
628,782,,None
620,782,,None
616,784,,None
620,792,,None
622,798,,None
618,802,,None
618,802,,None
620,806,,None
624,808,,None
628,810,,None
630,810,,None
632,810,,None
634,810,,None
638,810,,None
638,810,,None
636,812,,None
634,812,,None
636,812,,None
636,812,,None
636,812,,None
638,812,,None
636,810,,None
634,808,,None
634,808,,None
634,806,,None
630,808,,None
630,808,,None
632,810,,None
632,812,,None
634,816,,None
634,822,,None
632,836,,None
634,854,,Compression
630,852,,None
632,856,,None
632,854,,None
634,852,,None
634,848,,None
634,842,,None
636,828,,None
634,816,,None
634,806,,None
634,804,,None
638,804,,None
636,806,,None
632,810,,None
630,816,,None
628,824,,None
628,838,,None
630,854,,None
626,854,,None
630,856,,Compression
628,856,,None
630,854,,None
628,850,,None
632,844,,None
636,838,,None
634,828,,None
634,820,,None
634,814,,None
632,812,,None
634,814,,None
630,816,,None
630,824,,None
628,832,,None
628,848,,None
628,856,,None
630,858,,Compression
630,856,,None
632,856,,None
634,852,,None
636,844,,None
638,832,,None
638,822,,None
638,814,,None
640,812,,None
640,812,,None
640,814,,None
638,818,,None
636,826,,None
634,838,,None
638,854,,None
632,858,,Compression
632,858,,None
630,858,,None
630,856,,None
632,854,,None
630,850,,None
634,844,,None
634,836,,None
632,828,,None
632,820,,None
628,812,,None
630,808,,None
634,808,,None
632,810,,None
632,814,,None
630,820,,None
630,832,,None
632,848,,None
632,856,,Compression
630,856,,None
630,856,,None
630,854,,None
632,852,,None
634,846,,None
634,838,,None
636,828,,None
636,818,,None
634,812,,None
636,810,,None
636,810,,None
636,812,,None
636,816,,None
634,820,,None
632,828,,None
634,842,,None
634,856,,None
630,856,,None
632,858,,Compression
630,856,,None
632,852,,None
636,850,,None
636,842,,None
638,830,,None
636,820,,None
634,812,,None
636,810,,None
636,810,,None
638,810,,None
636,816,,None
634,822,,None
632,830,,None
632,844,,None
634,856,,None
632,858,,Compression
630,856,,None
632,854,,None
634,852,,None
634,848,,None
636,840,,None
636,830,,None
634,820,,None
636,814,,None
636,812,,None
638,810,,None
638,810,,None
638,814,,None
636,820,,None
634,828,,None
634,844,,None
634,856,,Compression
632,856,,None
632,856,,None
632,856,,None
634,852,,None
636,848,,None
638,840,,None
638,830,,None
636,820,,None
638,812,,None
640,810,,None
642,808,,None
642,808,,None
640,812,,None
638,818,,None
634,826,,None
634,840,,None
634,854,,None
634,858,,Compression
632,856,,None
630,856,,None
632,852,,None
636,850,,None
638,842,,None
638,830,,None
636,818,,None
636,812,,None
638,808,,None
640,808,,None
640,810,,None
638,812,,None
638,818,,None
634,826,,None
634,842,,None
636,854,,None
634,858,,Compression
634,856,,None
632,856,,None
634,854,,None
636,850,,None
636,844,,None
638,836,,None
636,826,,None
638,816,,None
638,812,,None
638,810,,None
640,810,,None
640,812,,None
640,816,,None
636,822,,None
634,834,,None
636,850,,None
636,856,,Compression
634,856,,None
634,856,,None
632,854,,None
636,852,,None
638,846,,None
638,836,,None
638,826,,None
638,816,,None
638,812,,None
640,810,,None
640,808,,None
640,810,,None
638,816,,None
636,822,,None
636,834,,None
636,848,,None
634,856,,Compression
630,854,,None
630,856,,None
632,852,,None
636,848,,None
636,842,,None
636,832,,None
638,822,,None
636,814,,None
638,810,,None
640,810,,None
640,810,,None
640,812,,None
638,818,,None
636,824,,None
634,832,,None
638,846,,None
636,856,,Compression
634,856,,None
636,856,,None
634,854,,None
634,850,,None
638,844,,None
638,836,,None
638,826,,None
638,818,,None
638,814,,None
640,812,,None
640,810,,None
640,812,,None
640,816,,None
636,820,,None
636,830,,None
638,844,,None
636,856,,Compression
632,856,,None
634,856,,None
632,856,,None
634,852,,None
638,848,,None
638,838,,None
640,830,,None
638,818,,None
638,812,,None
640,808,,None
642,808,,None
640,808,,None
640,814,,None
638,818,,None
636,828,,None
636,840,,None
638,854,,None
636,856,,Compression
634,856,,None
632,856,,None
634,854,,None
638,850,,None
638,844,,None
636,834,,None
638,824,,None
636,816,,None
638,810,,None
640,808,,None
642,806,,None
644,808,,None
642,812,,None
640,818,,None
636,828,,None
638,842,,None
640,856,,Compression
636,856,,None
636,856,,None
636,856,,None
636,852,,None
638,846,,None
638,838,,None
638,828,,None
636,818,,None
636,812,,None
638,810,,None
638,810,,None
640,812,,None
638,816,,None
634,822,,None
636,832,,None
638,844,,None
638,856,,Compression
634,856,,None
636,856,,None
634,856,,None
636,854,,None
638,850,,None
640,844,,None
640,832,,None
638,824,,None
638,814,,None
640,812,,None
640,810,,None
642,810,,None
640,812,,None
640,818,,None
638,824,,None
638,836,,None
642,850,,None
638,856,,Compression
638,856,,None
638,856,,None
636,854,,None
638,850,,None
640,846,,None
642,836,,None
642,828,,None
640,816,,None
642,810,,None
644,810,,None
642,810,,None
644,812,,None
640,816,,None
638,822,,None
636,832,,None
640,846,,None
640,858,,Compression
636,856,,None
638,856,,None
638,856,,None
638,852,,None
642,846,,None
642,838,,None
642,830,,None
640,820,,None
640,814,,None
642,812,,None
642,808,,None
642,810,,None
644,812,,None
640,816,,None
638,824,,None
636,836,,None
638,850,,None
636,856,,Compression
636,856,,None
636,856,,None
634,856,,None
638,852,,None
640,846,,None
638,836,,None
640,828,,None
638,818,,None
638,814,,None
640,812,,None
640,812,,None
642,812,,None
640,816,,None
638,820,,None
638,828,,None
638,840,,None
640,852,,None
634,856,,Compression
636,856,,None
636,856,,None
636,854,,None
638,852,,None
638,848,,None
638,840,,None
640,830,,None
640,822,,None
640,816,,None
640,814,,None
642,812,,None
642,812,,None
642,814,,None
640,820,,None
636,828,,None
638,840,,None
640,854,,None
638,858,,Compression
640,858,,None
636,856,,None
638,854,,None
642,852,,None
642,844,,None
640,838,,None
640,830,,None
642,822,,None
640,816,,None
642,814,,None
644,812,,None
644,814,,None
644,816,,None
640,822,,None
640,830,,None
642,842,,None
642,856,,None
640,858,,Compression
638,858,,None
638,858,,None
638,856,,None
642,852,,None
642,846,,None
642,836,,None
642,826,,None
642,818,,None
642,814,,None
644,812,,None
644,812,,None
644,816,,None
642,820,,None
640,826,,None
642,834,,None
640,848,,None
642,858,,Compression
636,858,,None
636,858,,None
638,858,,None
638,854,,None
642,852,,None
640,846,,None
640,834,,None
640,824,,None
642,816,,None
644,812,,None
642,812,,None
644,812,,None
642,816,,None
642,820,,None
638,824,,None
640,832,,None
640,846,,None
642,856,,Compression
636,856,,None
638,856,,None
638,856,,None
638,854,,None
642,852,,None
642,846,,None
642,838,,None
644,828,,None
642,822,,None
642,816,,None
644,814,,None
644,814,,None
644,816,,None
642,820,,None
642,828,,None
640,840,,None
642,856,,None
640,860,,Compression
640,858,,None
640,858,,None
642,858,,None
642,856,,None
644,848,,None
644,842,,None
644,834,,None
644,822,,None
644,814,,None
646,812,,None
644,808,,None
646,808,,None
646,812,,None
644,818,,None
640,828,,None
640,842,,None
642,858,,Compression
638,858,,None
638,858,,None
636,856,,None
638,854,,None
640,852,,None
640,844,,None
640,838,,None
640,828,,None
638,820,,None
640,816,,None
642,814,,None
642,812,,None
642,816,,None
640,818,,None
640,826,,None
640,840,,None
640,852,,None
640,858,,Compression
638,856,,None
638,858,,None
638,856,,None
640,852,,None
642,846,,None
644,838,,None
642,828,,None
640,820,,None
640,816,,None
642,816,,None
644,814,,None
644,818,,None
644,820,,None
640,826,,None
640,838,,None
640,852,,None
640,860,,Compression
640,858,,None
638,858,,None
638,858,,None
638,856,,None
640,850,,None
640,844,,None
640,836,,None
640,828,,None
640,820,,None
640,816,,None
642,814,,None
642,814,,None
644,812,,None
644,814,,None
642,818,,None
640,826,,None
640,838,,None
640,854,,None
638,858,,Compression
636,858,,Breathing
636,858,,Breathing
636,856,,Breathing
640,852,,Breathing
640,848,,Breathing
640,840,,Breathing
640,834,,Breathing
640,828,,Breathing
640,822,,Breathing
640,818,,Breathing
642,816,,Breathing
648,814,,Breathing
652,818,,Breathing
654,816,,Breathing
660,812,,Breathing
670,808,,Breathing
690,802,,Breathing
706,794,,Breathing
722,784,,Breathing
724,768,,Breathing
716,746,,Breathing
700,734,,Breathing
680,732,,Breathing
650,734,,Breathing
622,742,,Breathing
-,-,,None
554,792,,Breathing
530,814,,Breathing
506,834,,Breathing
488,848,,Breathing
478,862,,Breathing
476,870,,Breathing
476,874,,Breathing
482,876,,Breathing
484,876,,Breathing
486,876,,Breathing
488,878,,Breathing
488,878,,Breathing
490,878,,Breathing
490,878,,Breathing
490,880,,Breathing
492,880,,Breathing
494,880,,Breathing
494,882,,Breathing
496,882,,Breathing
496,884,,Breathing
496,884,,Breathing
498,886,,Breathing
498,888,,Breathing
500,888,,Breathing
500,888,,Breathing
500,888,,Breathing
500,888,,Breathing
500,888,,Breathing
500,888,,Breathing
500,890,,Breathing
502,890,,Breathing
500,890,,Breathing
502,890,,Breathing
502,890,,Breathing
502,890,,Breathing
502,890,,Breathing
502,890,,Breathing
502,890,,Breathing
502,890,,Breathing
502,890,,Breathing
502,890,,Breathing
502,890,,Breathing
502,890,,Breathing
502,890,,Breathing
502,892,,Breathing
504,892,,Breathing
504,892,,Breathing
502,890,,Breathing
504,892,,Breathing
504,892,,Breathing
504,892,,Breathing
504,892,,Breathing
502,890,,Breathing
504,890,,Breathing
504,892,,Breathing
504,892,,Breathing
504,892,,Breathing
502,892,,Breathing
504,892,,Breathing
504,892,,Breathing
504,890,,Breathing
504,892,,Breathing
504,892,,Breathing
502,892,,Breathing
502,892,,Breathing
504,892,,Breathing
504,892,,Breathing
504,892,,Breathing
504,890,,Breathing
504,892,,Breathing
504,892,,Breathing
504,892,,Breathing
504,892,,Breathing
504,890,,Breathing
504,892,,Breathing
504,892,,Breathing
504,892,,Breathing
504,892,,Breathing
504,894,,Breathing
504,894,,Breathing
504,892,,Breathing
504,892,,Breathing
504,892,,Breathing
504,892,,Breathing
504,892,,Breathing
504,892,,Breathing
504,892,,Breathing
504,892,,Breathing
504,894,,Breathing
504,892,,Breathing
504,892,,Breathing
504,892,,Breathing
504,892,,Breathing
504,892,,Breathing
504,892,,Breathing
504,894,,Breathing
504,892,,Breathing
504,894,,Breathing
504,894,,Breathing
506,894,,Breathing
506,894,,Breathing
504,894,,Breathing
506,894,,Breathing
506,896,,Breathing
508,894,,Breathing
506,894,,Breathing
506,894,,Breathing
506,894,,Breathing
506,894,,Breathing
504,894,,Breathing
502,894,,Breathing
500,892,,Breathing
498,894,,Breathing
498,892,,Breathing
494,890,,Breathing
492,886,,Breathing
490,882,,Breathing
490,876,,Breathing
488,874,,Breathing
488,868,,Breathing
494,862,,Breathing
500,858,,Breathing
512,858,,Breathing
524,850,,Breathing
532,826,,Breathing
546,792,,Breathing
558,762,,Breathing
576,734,,Breathing
590,706,,Breathing
606,686,,Breathing
616,668,,Breathing
628,660,,Breathing
630,656,,Breathing
636,664,,Breathing
636,674,,Breathing
638,690,,Breathing
640,714,,Breathing
652,740,,Breathing
660,764,,Breathing
666,786,,Breathing
664,792,,Breathing
652,792,,Breathing
646,794,,Breathing
644,798,,Breathing
646,800,,Breathing
646,802,,Breathing
646,804,,Breathing
648,806,,Breathing
650,806,,Breathing
652,810,,Breathing
652,810,,Breathing
650,812,,Breathing
650,814,,Breathing
648,816,,Breathing
650,816,,Breathing
650,818,,Breathing
648,822,,Breathing
650,828,,Breathing
650,842,,Breathing
654,858,,Breathing
648,858,,Breathing
650,860,,Compression
648,860,,None
650,858,,None
652,858,,None
652,852,,None
648,842,,None
646,830,,None
646,820,,None
642,810,,None
644,810,,None
644,810,,None
642,810,,None
642,816,,None
640,822,,None
642,838,,None
644,854,,None
642,858,,Compression
642,858,,None
640,858,,None
642,854,,None
642,852,,None
644,844,,None
642,836,,None
644,826,,None
644,818,,None
644,810,,None
646,810,,None
648,812,,None
646,812,,None
644,818,,None
642,826,,None
644,840,,None
644,856,,None
640,858,,Compression
642,858,,None
642,858,,None
644,854,,None
646,852,,None
646,846,,None
646,838,,None
646,830,,None
646,820,,None
646,814,,None
646,812,,None
646,810,,None
648,810,,None
646,814,,None
646,820,,None
644,828,,None
646,840,,None
646,854,,None
644,860,,Compression
644,860,,None
644,860,,None
646,858,,None
646,856,,None
646,852,,None
646,844,,None
646,836,,None
646,828,,None
646,820,,None
646,814,,None
648,814,,None
646,814,,None
648,816,,None
646,822,,None
644,832,,None
646,848,,None
644,856,,None
644,858,,Compression
646,858,,None
644,856,,None
646,854,,None
648,848,,None
648,842,,None
646,832,,None
646,822,,None
646,814,,None
646,810,,None
648,810,,None
648,812,,None
646,816,,None
646,824,,None
644,836,,None
646,852,,None
642,858,,Compression
644,858,,None
644,858,,None
642,854,,None
644,850,,None
644,844,,None
644,836,,None
644,828,,None
644,818,,None
646,814,,None
648,812,,None
648,810,,None
650,812,,None
648,814,,None
648,820,,None
646,828,,None
646,842,,None
646,854,,None
644,858,,Compression
648,858,,None
646,858,,None
644,856,,None
646,854,,None
648,850,,None
648,842,,None
648,834,,None
648,826,,None
648,816,,None
648,812,,None
648,812,,None
648,812,,None
650,814,,None
648,820,,None
648,828,,None
648,840,,None
648,852,,None
648,858,,None
650,858,,None
650,860,,Compression
648,856,,None
648,856,,None
650,850,,None
650,842,,None
652,834,,None
650,826,,None
650,818,,None
652,816,,None
652,816,,None
652,818,,None
654,822,,None
652,826,,None
654,836,,None
652,850,,None
652,860,,Compression
648,860,,None
648,860,,None
648,860,,None
650,856,,None
652,852,,None
650,846,,None
652,838,,None
652,830,,None
650,822,,None
648,816,,None
648,812,,None
648,812,,None
648,812,,None
646,818,,None
648,828,,None
648,844,,None
646,856,,None
646,860,,Compression
644,858,,None
646,858,,None
646,854,,None
646,848,,None
650,842,,None
650,832,,None
650,822,,None
650,816,,None
652,814,,None
652,812,,None
654,812,,None
654,818,,None
652,822,,None
650,828,,None
650,840,,None
650,850,,None
652,860,,Compression
648,858,,None
648,860,,None
648,860,,None
648,856,,None
650,854,,None
650,850,,None
650,844,,None
650,836,,None
650,826,,None
650,820,,None
654,816,,None
654,814,,None
654,816,,None
654,818,,None
652,824,,None
652,834,,None
652,848,,None
652,858,,None
650,860,,Compression
650,860,,None
650,860,,None
650,858,,None
650,858,,None
650,852,,None
650,844,,None
648,836,,None
650,828,,None
652,820,,None
654,818,,None
654,816,,None
652,816,,None
652,818,,None
652,820,,None
652,828,,None
650,836,,None
652,848,,None
652,860,,None
648,860,,None
650,860,,None
648,862,,Compression
648,858,,None
650,854,,None
650,850,,None
650,842,,None
648,832,,None
650,824,,None
650,818,,None
650,814,,None
650,814,,None
652,814,,None
652,816,,None
652,822,,None
652,832,,None
652,844,,None
654,856,,None
650,862,,Compression
650,858,,None
650,860,,None
650,860,,None
652,856,,None
654,852,,None
652,846,,None
648,838,,None
648,828,,None
652,820,,None
652,816,,None
654,812,,None
652,812,,None
652,814,,None
652,818,,None
652,828,,None
652,838,,None
652,852,,None
652,862,,Compression
648,858,,None
650,860,,None
648,858,,None
648,854,,None
652,850,,None
650,840,,None
648,830,,None
648,818,,None
652,814,,None
654,812,,None
654,810,,None
654,814,,None
654,818,,None
650,826,,None
652,838,,None
652,850,,None
650,860,,Compression
650,860,,None
650,860,,None
652,860,,None
650,858,,None
652,854,,None
652,846,,None
652,838,,None
652,832,,None
654,824,,None
652,818,,None
652,812,,None
654,812,,None
654,814,,None
654,816,,None
652,822,,None
650,830,,None
654,844,,None
652,858,,None
650,862,,Compression
650,860,,None
650,860,,None
652,858,,None
652,856,,None
652,852,,None
652,844,,None
654,834,,None
652,828,,None
652,820,,None
652,818,,None
654,816,,None
654,814,,None
654,816,,None
654,818,,None
652,826,,None
652,838,,None
652,850,,None
652,860,,Compression
650,858,,None
652,858,,None
650,858,,None
648,852,,None
652,846,,None
652,836,,None
652,826,,None
652,816,,None
652,812,,None
654,812,,None
654,812,,None
654,816,,None
654,822,,None
652,830,,None
654,840,,None
652,854,,None
654,860,,Compression
652,860,,None
652,860,,None
652,860,,None
652,856,,None
652,852,,None
650,846,,None
650,834,,None
652,828,,None
652,820,,None
652,816,,None
652,814,,None
652,812,,None
654,816,,None
652,820,,None
650,828,,None
652,840,,None
650,852,,None
652,860,,Compression
648,860,,None
650,860,,None
648,858,,None
648,854,,None
650,850,,None
650,844,,None
652,838,,None
652,832,,None
652,824,,None
650,818,,None
652,814,,None
652,814,,None
654,814,,None
654,818,,None
652,824,,None
652,834,,None
650,848,,None
652,860,,Compression
646,858,,None
648,858,,None
650,860,,None
650,856,,None
652,852,,None
652,846,,None
652,838,,None
652,830,,None
652,820,,None
650,812,,None
654,812,,None
654,810,,None
654,814,,None
654,818,,None
652,826,,None
652,838,,None
652,854,,None
650,860,,Compression
650,860,,None
648,858,,None
648,854,,None
654,852,,None
654,844,,None
654,838,,None
654,828,,None
652,820,,None
654,816,,None
654,814,,None
654,814,,None
654,816,,None
652,822,,None
652,830,,None
654,842,,None
654,858,,None
648,860,,Compression
648,860,,None
650,860,,None
648,856,,None
654,854,,None
654,848,,None
650,838,,None
652,832,,None
656,824,,None
654,816,,None
654,812,,None
654,812,,None
656,812,,None
654,816,,None
652,824,,None
654,836,,None
654,850,,None
654,860,,Compression
648,858,,None
650,860,,None
650,858,,None
650,854,,None
654,848,,None
652,840,,None
652,828,,None
654,820,,None
654,812,,None
654,806,,None
654,804,,None
656,804,,None
656,810,,None
654,814,,None
654,822,,None
652,832,,None
654,848,,None
652,858,,None
650,858,,None
652,860,,Compression
650,856,,None
652,852,,None
652,848,,None
654,840,,None
652,832,,None
650,818,,None
650,810,,None
652,806,,None
652,804,,None
654,804,,None
654,810,,None
654,816,,None
650,824,,None
650,838,,None
650,852,,None
650,858,,None
650,860,,Compression
648,854,,None
650,850,,None
652,848,,None
652,840,,None
652,832,,None
652,822,,None
652,814,,None
654,808,,None
654,804,,None
654,804,,None
654,804,,None
656,808,,None
654,816,,None
652,824,,None
654,836,,None
656,850,,None
656,858,,None
656,860,,Compression
654,858,,None
652,856,,None
654,852,,None
656,846,,None
656,836,,None
656,826,,None
654,816,,None
656,812,,None
656,810,,None
654,808,,None
654,812,,None
650,816,,None
652,822,,None
652,832,,None
652,842,,None
654,856,,None
650,858,,Compression
652,858,,None
652,858,,None
652,856,,None
654,854,,None
652,846,,None
652,836,,None
654,826,,None
654,814,,None
656,810,,None
656,808,,None
658,808,,None
658,812,,None
656,816,,None
654,824,,None
656,834,,None
654,844,,None
656,858,,Compression
650,856,,None
654,858,,None
652,856,,None
652,854,,None
656,848,,None
658,844,,None
658,836,,None
656,826,,None
656,816,,None
656,812,,None
658,810,,None
658,810,,None
658,810,,None
658,816,,None
656,820,,None
656,830,,None
656,842,,None
656,856,,None
652,858,,None
654,858,,None
654,860,,Compression
652,856,,Breathing
654,852,,Breathing
656,850,,Breathing
656,844,,Breathing
654,836,,Breathing
656,828,,Breathing
656,818,,Breathing
656,814,,Breathing
656,810,,Breathing
656,806,,Breathing
660,802,,Breathing
664,796,,Breathing
676,788,,Breathing
686,774,,Breathing
696,756,,Breathing
702,738,,Breathing
700,718,,Breathing
690,708,,Breathing
678,698,,Breathing
246,116,,Breathing
622,704,,Breathing
588,718,,Breathing
558,740,,Breathing
526,764,,Breathing
498,792,,Breathing
476,816,,Breathing
462,836,,Breathing
454,852,,Breathing
460,860,,Breathing
464,864,,Breathing
466,870,,Breathing
470,874,,Breathing
472,874,,Breathing
474,876,,Breathing
476,878,,Breathing
478,878,,Breathing
480,880,,Breathing
482,882,,Breathing
484,882,,Breathing
484,884,,Breathing
486,886,,Breathing
488,886,,Breathing
490,886,,Breathing
488,888,,Breathing
492,890,,Breathing
494,890,,Breathing
494,892,,Breathing
494,894,,Breathing
494,894,,Breathing
494,896,,Breathing
494,896,,Breathing
496,894,,Breathing
496,894,,Breathing
494,894,,Breathing
494,894,,Breathing
494,894,,Breathing
496,892,,Breathing
496,894,,Breathing
494,894,,Breathing
494,894,,Breathing
496,894,,Breathing
496,894,,Breathing
496,894,,Breathing
496,894,,Breathing
496,894,,Breathing
496,894,,Breathing
496,894,,Breathing
496,894,,Breathing
496,894,,Breathing
498,894,,Breathing
496,894,,Breathing
496,896,,Breathing
496,894,,Breathing
496,894,,Breathing
496,894,,Breathing
496,894,,Breathing
496,894,,Breathing
496,894,,Breathing
496,896,,Breathing
496,894,,Breathing
496,894,,Breathing
496,896,,Breathing
496,896,,Breathing
496,896,,Breathing
496,896,,Breathing
496,896,,Breathing
496,896,,Breathing
496,894,,Breathing
496,896,,Breathing
498,896,,Breathing
498,894,,Breathing
496,896,,Breathing
496,894,,Breathing
496,896,,Breathing
496,894,,Breathing
496,896,,Breathing
496,896,,Breathing
496,896,,Breathing
496,896,,Breathing
496,896,,Breathing
496,896,,Breathing
498,896,,Breathing
496,896,,Breathing
496,896,,Breathing
498,896,,Breathing
498,896,,Breathing
496,896,,Breathing
496,896,,Breathing
498,896,,Breathing
498,896,,Breathing
498,896,,Breathing
498,896,,Breathing
498,896,,Breathing
498,892,,Breathing
498,892,,Breathing
498,892,,Breathing
498,892,,Breathing
498,892,,Breathing
498,892,,Breathing
498,892,,Breathing
496,894,,Breathing
496,894,,Breathing
494,894,,Breathing
494,894,,Breathing
492,892,,Breathing
490,892,,Breathing
490,892,,Breathing
490,892,,Breathing
486,892,,Breathing
486,890,,Breathing
484,888,,Breathing
480,888,,Breathing
480,886,,Breathing
478,882,,Breathing
480,878,,Breathing
480,876,,Breathing
484,874,,Breathing
496,874,,Breathing
508,862,,Breathing
248,114,,Breathing
246,120,,Breathing
-,-,,None
248,114,,Breathing
248,116,,Breathing
648,642,,Breathing
664,626,,Breathing
674,624,,Breathing
678,632,,Breathing
676,650,,Breathing
674,672,,Breathing
676,694,,Breathing
674,718,,Breathing
676,738,,Breathing
680,758,,Breathing
680,770,,Breathing
678,776,,Breathing
672,782,,Breathing
668,786,,Breathing
670,790,,Breathing
672,796,,Breathing
674,798,,Breathing
674,800,,Breathing
670,800,,Breathing
666,798,,Breathing
664,798,,Breathing
664,796,,Breathing
664,794,,Breathing
664,794,,Breathing
662,792,,Breathing
660,790,,Breathing
660,792,,Breathing
662,798,,Breathing
666,800,,Breathing
664,804,,Breathing
662,808,,Breathing
656,810,,Breathing
656,814,,Breathing
654,820,,Breathing
658,832,,Breathing
658,848,,Breathing
654,854,,Compression
656,854,,None
654,854,,None
654,852,,None
658,848,,None
656,842,,None
656,832,,None
658,820,,None
658,810,,None
656,804,,None
660,804,,None
660,804,,None
662,808,,None
658,812,,None
654,822,,None
656,838,,None
656,850,,None
656,854,,Compression
654,854,,None
652,854,,None
654,852,,None
652,848,,None
654,846,,None
654,838,,None
654,828,,None
654,820,,None
654,810,,None
656,806,,None
658,804,,None
660,804,,None
662,808,,None
658,812,,None
658,820,,None
656,834,,None
658,850,,None
654,852,,None
652,852,,None
652,854,,Compression
652,854,,None
656,850,,None
654,844,,None
654,834,,None
654,824,,None
654,814,,None
654,806,,None
658,806,,None
658,802,,None
660,806,,None
658,810,,None
658,818,,None
658,830,,None
658,844,,None
660,854,,Compression
654,852,,None
656,854,,None
656,854,,None
656,850,,None
656,846,,None
656,836,,None
656,828,,None
656,818,,None
654,810,,None
654,804,,None
654,804,,None
654,804,,None
654,808,,None
654,814,,None
654,828,,None
654,844,,None
654,852,,None
654,854,,Compression
654,854,,None
246,116,,None
652,848,,None
654,842,,None
656,834,,None
656,824,,None
656,816,,None
656,810,,None
654,804,,None
656,804,,None
658,804,,None
658,808,,None
656,816,,None
654,824,,None
656,840,,None
654,854,,Compression
652,854,,None
652,854,,None
652,854,,None
654,852,,None
654,848,,None
654,840,,None
656,832,,None
656,824,,None
656,816,,None
656,808,,None
658,806,,None
658,804,,None
660,806,,None
658,808,,None
658,814,,None
656,822,,None
658,838,,None
658,852,,None
658,856,,Compression
658,856,,None
658,856,,None
658,854,,None
658,850,,None
658,838,,None
658,826,,None
660,814,,None
660,806,,None
660,804,,None
658,802,,None
660,802,,None
660,808,,None
658,812,,None
656,820,,None
656,830,,None
658,842,,None
658,852,,None
656,856,,Compression
658,856,,None
656,854,,None
658,852,,None
656,848,,None
656,840,,None
658,832,,None
656,820,,None
656,810,,None
656,806,,None
656,806,,None
656,806,,None
658,806,,None
656,812,,None
656,820,,None
654,826,,None
656,840,,None
658,852,,None
652,854,,None
656,856,,Compression
654,856,,None
654,852,,None
654,850,,None
654,842,,None
654,834,,None
654,824,,None
654,814,,None
654,808,,None
656,806,,None
656,806,,None
656,806,,None
656,810,,None
656,816,,None
656,826,,None
658,836,,None
662,852,,None
654,854,,None
658,856,,Compression
660,856,,None
658,852,,None
660,848,,None
660,840,,None
660,834,,None
660,824,,None
658,816,,None
658,812,,None
658,810,,None
658,808,,None
660,810,,None
658,816,,None
658,822,,None
658,832,,None
658,844,,None
658,856,,Compression
652,856,,None
658,856,,None
656,856,,None
656,852,,None
658,848,,None
658,840,,None
658,830,,None
658,820,,None
656,812,,None
658,808,,None
658,806,,None
658,808,,None
658,810,,None
660,816,,None
656,824,,None
656,836,,None
658,848,,None
658,856,,Compression
656,856,,None
658,856,,None
658,856,,None
658,852,,None
658,844,,None
660,836,,None
660,828,,None
660,818,,None
660,814,,None
658,810,,None
660,808,,None
662,810,,None
662,814,,None
662,820,,None
660,828,,None
662,838,,None
662,852,,None
658,856,,None
662,858,,Compression
660,858,,None
662,856,,None
660,854,,None
660,846,,None
662,838,,None
662,828,,None
662,816,,None
664,812,,None
662,810,,None
662,808,,None
664,810,,None
664,814,,None
662,818,,None
660,822,,None
660,834,,None
660,846,,None
660,856,,None
658,858,,Compression
658,858,,None
658,856,,None
660,852,,None
660,846,,None
662,838,,None
662,830,,None
662,822,,None
660,816,,None
660,812,,None
662,810,,None
662,812,,None
660,814,,None
660,820,,None
660,828,,None
662,840,,None
660,852,,None
658,856,,None
658,858,,Compression
658,858,,None
660,856,,None
658,852,,None
658,846,,None
658,840,,None
660,830,,None
660,822,,None
658,816,,None
658,812,,None
658,810,,None
660,810,,None
660,810,,None
660,816,,None
660,822,,None
660,830,,None
662,844,,None
660,856,,None
658,858,,None
658,858,,None
662,860,,Compression
662,856,,None
660,852,,None
660,844,,None
660,836,,None
660,826,,None
660,816,,None
658,812,,None
658,810,,None
660,810,,None
660,810,,None
660,814,,None
662,820,,None
658,826,,None
246,118,,None
662,854,,None
660,858,,Compression
660,858,,None
660,858,,None
660,858,,None
662,854,,None
660,848,,None
660,838,,None
660,826,,None
660,816,,None
660,810,,None
658,810,,None
660,808,,None
660,810,,None
660,814,,None
658,820,,None
658,826,,None
660,838,,None
658,850,,None
658,856,,None
658,856,,None
660,858,,Compression
658,856,,None
658,854,,None
658,848,,None
658,840,,None
658,830,,None
658,820,,None
656,812,,None
658,810,,None
660,808,,None
660,808,,None
662,812,,None
660,814,,None
660,822,,None
660,830,,None
662,846,,None
660,856,,None
658,856,,None
660,858,,Compression
658,856,,None
658,854,,None
660,848,,None
660,840,,None
658,832,,None
658,822,,None
656,812,,None
658,810,,None
658,808,,None
656,808,,None
658,812,,None
658,816,,None
658,820,,None
658,830,,None
658,842,,None
662,856,,None
656,856,,None
658,858,,Compression
660,858,,None
658,854,,None
660,850,,None
660,844,,None
660,836,,None
658,828,,None
660,820,,None
658,814,,None
658,810,,None
660,808,,None
660,808,,None
660,810,,None
660,816,,None
658,820,,None
660,828,,None
660,842,,None
662,854,,None
654,856,,None
658,858,,Compression
658,858,,None
656,854,,None
658,850,,None
660,842,,None
660,834,,None
660,824,,None
658,814,,None
660,810,,None
662,808,,None
662,808,,None
662,810,,None
662,814,,None
660,818,,None
660,826,,None
660,838,,None
662,854,,None
654,856,,None
658,858,,Compression
660,856,,None
656,854,,None
658,846,,None
658,838,,None
658,830,,None
658,820,,None
658,810,,None
658,806,,None
660,806,,None
660,804,,None
660,806,,None
660,810,,None
660,818,,None
660,828,,None
658,838,,None
660,854,,None
654,856,,None
654,856,,None
656,858,,Compression
656,852,,None
658,848,,None
658,840,,None
658,832,,None
660,822,,None
658,814,,None
658,810,,None
658,808,,None
658,808,,None
658,812,,None
658,818,,None
656,826,,None
660,838,,None
660,852,,None
658,856,,None
658,858,,Compression
658,858,,None
656,856,,None
656,852,,None
658,846,,None
660,840,,None
660,830,,None
658,820,,None
658,812,,None
658,810,,None
658,808,,None
660,808,,None
660,810,,None
660,816,,None
658,824,,None
660,838,,None
656,850,,None
658,856,,None
658,858,,Compression
658,858,,None
658,856,,None
656,852,,None
656,846,,None
656,838,,None
656,828,,None
656,820,,None
656,812,,None
656,810,,None
656,808,,None
658,806,,None
658,808,,None
660,812,,None
658,818,,None
660,830,,None
662,844,,None
662,856,,None
660,858,,Compression
660,858,,None
660,858,,None
658,852,,None
658,844,,None
660,836,,None
660,826,,None
658,816,,None
658,810,,None
656,808,,None
658,808,,None
658,808,,None
658,810,,None
656,816,,None
656,824,,None
656,836,,None
658,848,,None
658,856,,Compression
654,854,,None
658,858,,None
656,854,,None
656,850,,None
660,846,,None
658,838,,None
656,830,,None
658,822,,None
656,812,,None
658,808,,None
658,806,,None
660,806,,None
660,804,,None
658,808,,None
660,814,,None
658,822,,None
662,836,,None
660,850,,None
660,856,,None
658,858,,Compression
658,858,,None
658,856,,None
658,854,,None
658,846,,None
658,838,,None
658,826,,None
658,820,,None
656,814,,None
656,810,,None
656,806,,None
658,806,,None
658,808,,None
658,810,,None
658,816,,None
658,822,,None
658,834,,None
662,848,,None
660,856,,None
658,856,,None
660,858,,Compression
658,856,,None
658,850,,None
660,840,,None
658,830,,None
658,820,,None
658,812,,None
658,810,,None
658,804,,None
660,804,,None
662,804,,None
662,806,,None
662,810,,None
662,816,,None
660,822,,None
660,832,,None
662,846,,None
660,856,,None
662,860,,Compression
660,860,,None
660,860,,None
660,856,,None
658,856,,None
658,852,,None
662,844,,None
662,832,,None
660,814,,None
662,808,,None
664,806,,None
664,802,,None
666,802,,None
668,806,,None
664,806,,None
666,808,,None
668,810,,None
668,810,,None
672,808,,None
672,808,,None
674,806,,None
676,802,,None
680,800,,None
684,794,,None
698,784,,None
718,768,,None
750,752,,None
784,738,,None
248,118,,None
-,-,,None
248,118,,None
-,-,,None
998,814,,None
246,118,,None
-,-,,None
-,-,,None
252,124,,None
248,116,,None
246,122,,None
246,120,,None
-,-,,None
-,-,,None
248,118,,None
-,-,,None
246,120,,None
246,120,,None
246,120,,None
248,120,,None
246,120,,None
-,-,,None
246,122,,None
-,-,,None
-,-,,None
248,118,,None
-,-,,None
-,-,,None
250,124,,None
-,-,,None
248,118,,None
248,118,,None
-,-,,None
-,-,,None
-,-,,None
-,-,,None
-,-,,None
1052,682,,None
1044,674,,None
1038,666,,None
1034,660,,None
1030,656,,None
1028,654,,None
1026,652,,None
1020,648,,None
1022,646,,None
1022,646,,None
1020,644,,None
1016,640,,None
1016,636,,None
1016,634,,None
1014,632,,None
1012,628,,None
1008,624,,None
1006,622,,None
1004,618,,None
1002,616,,None
1002,614,,None
1004,614,,None
1004,612,,None
1004,610,,None
1002,608,,None
