-,-,,None
-,-,,None
-,-,,None
-,-,,None
-,-,,None
-,-,,None
-,-,,None
-,-,,None
-,-,,None
-,-,,None
-,-,,None
-,-,,None
-,-,,None
-,-,,None
-,-,,None
-,-,,None
-,-,,None
-,-,,None
-,-,,None
-,-,,None
-,-,,None
-,-,,None
-,-,,None
-,-,,None
-,-,,None
-,-,,None
-,-,,None
-,-,,None
-,-,,None
-,-,,None
-,-,,None
-,-,,None
-,-,,None
-,-,,None
-,-,,None
-,-,,None
-,-,,None
-,-,,None
-,-,,None
-,-,,None
-,-,,None
-,-,,None
-,-,,None
-,-,,None
520,418,,None
-,-,,None
-,-,,None
-,-,,None
566,442,,None
-,-,,None
-,-,,None
-,-,,None
-,-,,None
-,-,,None
-,-,,None
-,-,,None
-,-,,None
-,-,,None
-,-,,None
-,-,,None
-,-,,None
552,498,,None
-,-,,None
-,-,,None
-,-,,None
-,-,,None
-,-,,None
-,-,,None
-,-,,None
-,-,,None
-,-,,None
-,-,,None
-,-,,None
-,-,,None
-,-,,None
-,-,,None
-,-,,None
-,-,,None
-,-,,None
-,-,,None
-,-,,None
-,-,,None
-,-,,None
-,-,,None
550,506,,None
548,506,,None
550,504,,None
548,504,,None
-,-,,None
-,-,,None
-,-,,None
-,-,,None
-,-,,None
-,-,,None
-,-,,None
-,-,,None
-,-,,None
-,-,,None
-,-,,None
-,-,,None
-,-,,None
-,-,,None
-,-,,None
-,-,,None
-,-,,None
-,-,,None
-,-,,None
-,-,,None
-,-,,None
-,-,,None
-,-,,None
-,-,,None
-,-,,None
-,-,,None
-,-,,None
-,-,,None
-,-,,None
-,-,,None
-,-,,None
-,-,,None
-,-,,None
-,-,,None
-,-,,None
-,-,,None
-,-,,None
-,-,,None
560,462,,None
-,-,,None
-,-,,None
-,-,,None
-,-,,None
550,502,,None
550,502,,None
-,-,,None
556,496,,None
-,-,,None
-,-,,None
-,-,,None
-,-,,None
-,-,,None
-,-,,None
-,-,,None
-,-,,None
-,-,,None
-,-,,None
-,-,,None
-,-,,None
-,-,,None
-,-,,None
-,-,,None
-,-,,None
-,-,,None
-,-,,None
-,-,,None
-,-,,None
-,-,,None
552,502,,None
550,502,,None
552,500,,None
552,498,,None
-,-,,None
558,490,,None
-,-,,None
-,-,,None
-,-,,None
-,-,,None
-,-,,None
-,-,,None
-,-,,None
-,-,,None
-,-,,None
-,-,,None
-,-,,None
-,-,,None
-,-,,None
-,-,,None
-,-,,None
-,-,,None
568,472,,None
-,-,,None
-,-,,None
552,500,,None
552,502,,None
552,500,,None
-,-,,None
554,494,,None
558,488,,None
-,-,,None
-,-,,None
-,-,,None
-,-,,None
-,-,,None
-,-,,None
-,-,,None
-,-,,None
-,-,,None
-,-,,None
-,-,,None
-,-,,None
-,-,,None
-,-,,None
-,-,,None
-,-,,None
-,-,,None
-,-,,None
550,498,,None
552,498,,None
552,494,,None
-,-,,None
-,-,,None
-,-,,None
-,-,,None
-,-,,None
-,-,,None
-,-,,None
-,-,,None
-,-,,None
550,444,,None
-,-,,None
-,-,,None
-,-,,None
-,-,,None
-,-,,None
-,-,,None
-,-,,None
-,-,,None
552,498,,None
-,-,,None
552,496,,None
-,-,,None
-,-,,None
-,-,,None
-,-,,None
-,-,,None
-,-,,None
-,-,,None
-,-,,None
-,-,,None
-,-,,None
-,-,,None
-,-,,None
-,-,,None
-,-,,None
-,-,,None
-,-,,None
-,-,,None
-,-,,None
-,-,,None
552,500,,None
554,498,,None
-,-,,None
-,-,,None
-,-,,None
-,-,,None
-,-,,None
-,-,,None
-,-,,None
-,-,,None
-,-,,None
-,-,,None
-,-,,None
-,-,,None
-,-,,None
-,-,,None
-,-,,None
-,-,,None
-,-,,None
-,-,,None
-,-,,None
-,-,,None
-,-,,None
-,-,,None
-,-,,None
-,-,,None
-,-,,None
-,-,,None
-,-,,None
-,-,,None
-,-,,None
-,-,,None
-,-,,None
-,-,,None
-,-,,None
-,-,,None
-,-,,None
-,-,,None
552,500,,None
552,500,,None
554,500,,None
556,496,,None
560,490,,None
-,-,,None
-,-,,None
-,-,,None
-,-,,None
-,-,,None
554,458,,None
-,-,,None
554,458,,None
-,-,,None
554,462,,None
-,-,,None
-,-,,None
-,-,,None
-,-,,None
-,-,,None
546,504,,None
544,506,,None
546,506,,None
548,504,,None
550,498,,None
-,-,,None
-,-,,None
-,-,,None
552,466,,None
550,462,,None
546,460,,None
548,460,,None
548,460,,None
548,458,,None
548,458,,None
-,-,,None
552,462,,None
552,464,,None
556,468,,None
-,-,,None
-,-,,None
558,492,,None
552,500,,None
550,500,,None
550,502,,None
552,500,,None
552,496,,None
556,492,,None
556,486,,None
-,-,,None
-,-,,None
-,-,,None
552,460,,None
-,-,,None
552,458,,None
554,460,,None
-,-,,None
-,-,,None
554,460,,None
554,464,,None
-,-,,None
560,468,,None
560,472,,None
-,-,,None
-,-,,None
-,-,,None
550,502,,None
548,504,,None
548,500,,None
552,500,,None
554,492,,None
-,-,,None
558,482,,None
560,478,,None
-,-,,None
556,464,,None
-,-,,None
550,458,,None
550,456,,None
550,456,,None
550,454,,None
-,-,,None
-,-,,None
-,-,,None
552,460,,None
556,466,,None
-,-,,None
-,-,,None
-,-,,None
552,502,,None
550,502,,None
548,500,,None
550,500,,None
552,496,,None
554,490,,None
558,484,,None
560,476,,None
-,-,,None
558,464,,None
556,462,,None
554,460,,None
-,-,,None
-,-,,None
554,460,,None
556,460,,None
556,460,,None
-,-,,None
-,-,,None
560,468,,None
-,-,,None
562,480,,None
-,-,,None
550,500,,None
548,502,,None
548,502,,None
550,502,,None
552,498,,None
-,-,,None
-,-,,None
-,-,,None
-,-,,None
-,-,,None
550,456,,None
552,454,,None
550,454,,None
550,454,,None
552,456,,None
550,458,,None
-,-,,None
-,-,,None
554,464,,None
556,468,,None
-,-,,None
-,-,,None
-,-,,None
550,502,,None
546,502,,None
548,502,,None
548,500,,None
550,498,,None
552,494,,None
552,486,,None
-,-,,None
-,-,,None
-,-,,None
-,-,,None
550,456,,None
548,456,,None
550,454,,None
550,456,,None
-,-,,None
-,-,,None
552,456,,None
-,-,,None
-,-,,None
556,466,,None
-,-,,None
562,480,,None
-,-,,None
-,-,,None
548,502,,None
548,504,,None
548,502,,None
548,498,,None
552,494,,None
554,488,,None
558,480,,None
-,-,,None
-,-,,None
-,-,,None
554,458,,None
-,-,,None
-,-,,None
-,-,,None
-,-,,None
-,-,,None
-,-,,None
554,464,,None
-,-,,None
560,472,,None
-,-,,None
-,-,,None
-,-,,None
548,506,,None
548,506,,None
550,504,,None
552,500,,None
554,494,,None
-,-,,None
-,-,,None
-,-,,None
-,-,,None
-,-,,None
-,-,,None
552,460,,None
-,-,,None
-,-,,None
-,-,,None
-,-,,None
-,-,,None
-,-,,None
552,508,,None
550,508,,None
550,506,,None
550,506,,None
552,504,,None
554,498,,None
554,492,,None
554,484,,None
-,-,,None
-,-,,None
-,-,,None
-,-,,None
-,-,,None
-,-,,None
-,-,,None
-,-,,None
-,-,,None
-,-,,None
-,-,,None
-,-,,None
-,-,,None
550,506,,None
550,506,,None
550,502,,None
554,500,,None
556,494,,None
-,-,,None
-,-,,None
-,-,,None
-,-,,None
-,-,,None
-,-,,None
-,-,,None
-,-,,None
548,456,,None
-,-,,None
-,-,,None
-,-,,None
-,-,,None
-,-,,None
552,504,,None
550,506,,None
550,506,,None
550,502,,None
-,-,,None
556,490,,None
-,-,,None
-,-,,None
-,-,,None
-,-,,None
-,-,,None
-,-,,None
-,-,,None
-,-,,None
-,-,,None
-,-,,None
-,-,,None
-,-,,None
-,-,,None
-,-,,None
-,-,,None
550,504,,None
550,504,,None
548,504,,None
550,502,,None
554,494,,None
-,-,,None
-,-,,None
-,-,,None
-,-,,None
-,-,,None
-,-,,None
-,-,,None
-,-,,None
-,-,,None
-,-,,None
-,-,,None
-,-,,None
552,460,,None
-,-,,None
-,-,,None
-,-,,None
552,504,,None
550,504,,None
550,504,,None
552,502,,None
554,498,,None
554,488,,None
-,-,,None
-,-,,None
-,-,,None
-,-,,None
-,-,,None
-,-,,None
550,452,,None
-,-,,None
-,-,,None
-,-,,None
-,-,,None
-,-,,None
-,-,,None
-,-,,None
-,-,,None
550,504,,None
552,504,,None
552,502,,None
-,-,,None
-,-,,None
-,-,,None
-,-,,None
-,-,,None
-,-,,None
-,-,,None
-,-,,None
-,-,,None
-,-,,None
562,470,,None
-,-,,None
-,-,,None
-,-,,None
552,504,,None
-,-,,None
-,-,,None
554,498,,None
-,-,,None
-,-,,None
-,-,,None
-,-,,None
-,-,,None
-,-,,None
-,-,,None
-,-,,None
-,-,,None
-,-,,None
-,-,,None
-,-,,None
-,-,,None
-,-,,None
-,-,,None
-,-,,None
-,-,,None
-,-,,None
-,-,,None
-,-,,None
-,-,,None
-,-,,None
-,-,,None
-,-,,None
-,-,,None
-,-,,None
-,-,,None
-,-,,None
-,-,,None
-,-,,None
554,506,,None
554,506,,None
554,502,,None
-,-,,None
-,-,,None
-,-,,None
-,-,,None
-,-,,None
-,-,,None
-,-,,None
-,-,,None
-,-,,None
-,-,,None
-,-,,None
-,-,,None
-,-,,None
-,-,,None
-,-,,None
556,502,,None
-,-,,None
-,-,,None
-,-,,None
-,-,,None
-,-,,None
-,-,,None
-,-,,None
-,-,,None
-,-,,None
-,-,,None
-,-,,None
-,-,,None
-,-,,None
-,-,,None
-,-,,None
-,-,,None
-,-,,None
-,-,,None
-,-,,None
-,-,,None
-,-,,None
-,-,,None
-,-,,None
-,-,,None
-,-,,None
-,-,,None
-,-,,None
-,-,,None
-,-,,None
-,-,,None
-,-,,None
-,-,,None
-,-,,None
-,-,,None
-,-,,None
-,-,,None
-,-,,None
-,-,,None
-,-,,None
-,-,,None
-,-,,None
-,-,,None
-,-,,None
-,-,,None
-,-,,None
-,-,,None
-,-,,None
-,-,,None
-,-,,None
-,-,,None
-,-,,None
-,-,,None
-,-,,None
-,-,,None
-,-,,None
-,-,,None
-,-,,None
-,-,,None
-,-,,None
-,-,,None
-,-,,None
-,-,,None
-,-,,None
-,-,,None
-,-,,None
-,-,,None
-,-,,None
-,-,,None
-,-,,None
-,-,,None
-,-,,None
-,-,,None
-,-,,None
-,-,,None
-,-,,None
-,-,,None
-,-,,None
-,-,,None
-,-,,None
-,-,,None
-,-,,None
-,-,,None
-,-,,None
-,-,,None
-,-,,None
-,-,,None
-,-,,None
-,-,,None
-,-,,None
-,-,,None
-,-,,None
-,-,,None
-,-,,None
-,-,,None
-,-,,None
-,-,,None
-,-,,None
-,-,,None
-,-,,None
-,-,,None
-,-,,None
-,-,,None
-,-,,None
-,-,,None
-,-,,None
-,-,,None
-,-,,None
-,-,,None
-,-,,None
-,-,,None
-,-,,None
-,-,,None
-,-,,None
-,-,,None
-,-,,None
-,-,,None
-,-,,None
-,-,,None
-,-,,None
-,-,,None
-,-,,None
-,-,,None
-,-,,None
-,-,,None
-,-,,None
-,-,,None
-,-,,None
-,-,,None
-,-,,None
-,-,,None
-,-,,None
-,-,,None
-,-,,None
-,-,,None
-,-,,None
-,-,,None
-,-,,None
-,-,,None
-,-,,None
-,-,,None
-,-,,None
-,-,,None
-,-,,None
-,-,,None
-,-,,None
-,-,,None
-,-,,None
-,-,,None
-,-,,None
-,-,,None
-,-,,None
-,-,,None
-,-,,None
-,-,,None
-,-,,None
-,-,,None
-,-,,None
-,-,,None
-,-,,None
-,-,,None
-,-,,None
-,-,,None
-,-,,None
-,-,,None
-,-,,None
-,-,,None
-,-,,None
-,-,,None
-,-,,None
-,-,,None
-,-,,None
-,-,,None
-,-,,None
-,-,,None
-,-,,None
-,-,,None
-,-,,None
-,-,,None
-,-,,None
-,-,,None
-,-,,None
-,-,,None
-,-,,None
-,-,,None
-,-,,None
-,-,,None
-,-,,None
-,-,,None
-,-,,None
-,-,,None
-,-,,None
-,-,,None
-,-,,None
-,-,,None
-,-,,None
-,-,,None
-,-,,None
-,-,,None
-,-,,None
-,-,,None
-,-,,None
-,-,,None
-,-,,None
-,-,,None
-,-,,None
-,-,,None
-,-,,None
-,-,,None
-,-,,None
602,348,,None
-,-,,None
-,-,,None
-,-,,None
-,-,,None
-,-,,None
-,-,,None
-,-,,None
-,-,,None
-,-,,None
-,-,,None
-,-,,None
-,-,,None
-,-,,None
-,-,,None
-,-,,None
530,432,,None
-,-,,None
-,-,,None
-,-,,None
-,-,,None
-,-,,None
-,-,,None
-,-,,None
-,-,,None
-,-,,None
-,-,,None
-,-,,None
-,-,,None
-,-,,None
-,-,,None
-,-,,None
-,-,,None
-,-,,None
544,496,,None
-,-,,None
-,-,,None
-,-,,None
-,-,,None
-,-,,None
-,-,,None
-,-,,None
-,-,,None
-,-,,None
-,-,,None
-,-,,None
-,-,,None
-,-,,None
-,-,,None
-,-,,None
-,-,,None
-,-,,None
-,-,,None
-,-,,None
-,-,,None
-,-,,None
-,-,,None
-,-,,None
-,-,,None
-,-,,None
-,-,,None
-,-,,None
-,-,,None
-,-,,None
-,-,,None
-,-,,None
-,-,,None
-,-,,None
-,-,,None
-,-,,None
-,-,,None
-,-,,None
-,-,,None
-,-,,None
-,-,,None
-,-,,None
-,-,,None
-,-,,None
-,-,,None
546,496,,None
-,-,,None
-,-,,None
-,-,,None
-,-,,None
-,-,,None
-,-,,None
-,-,,None
-,-,,None
-,-,,None
-,-,,None
-,-,,None
-,-,,None
-,-,,None
-,-,,None
-,-,,None
-,-,,None
-,-,,None
-,-,,None
-,-,,None
-,-,,None
-,-,,None
-,-,,None
-,-,,None
-,-,,None
-,-,,None
-,-,,None
-,-,,None
-,-,,None
-,-,,None
-,-,,None
-,-,,None
-,-,,None
-,-,,None
-,-,,None
-,-,,None
-,-,,None
-,-,,None
-,-,,None
-,-,,None
-,-,,None
-,-,,None
-,-,,None
-,-,,None
-,-,,None
-,-,,None
-,-,,None
-,-,,None
-,-,,None
-,-,,None
-,-,,None
-,-,,None
-,-,,None
-,-,,None
-,-,,None
-,-,,None
-,-,,None
-,-,,None
-,-,,None
-,-,,None
-,-,,None
-,-,,None
-,-,,None
-,-,,None
-,-,,None
-,-,,None
546,496,,None
-,-,,None
-,-,,None
-,-,,None
-,-,,None
-,-,,None
-,-,,None
-,-,,None
-,-,,None
-,-,,None
-,-,,None
-,-,,None
-,-,,None
-,-,,None
-,-,,None
-,-,,None
-,-,,None
-,-,,None
-,-,,None
-,-,,None
-,-,,None
-,-,,None
-,-,,None
-,-,,None
-,-,,None
-,-,,None
-,-,,None
-,-,,None
-,-,,None
-,-,,None
-,-,,None
-,-,,None
-,-,,None
-,-,,None
-,-,,None
-,-,,None
-,-,,None
-,-,,None
-,-,,None
-,-,,None
-,-,,None
-,-,,None
-,-,,None
-,-,,None
-,-,,None
-,-,,None
-,-,,None
-,-,,None
-,-,,None
-,-,,None
-,-,,None
-,-,,None
-,-,,None
-,-,,None
-,-,,None
-,-,,None
-,-,,None
-,-,,None
-,-,,None
-,-,,None
-,-,,None
-,-,,None
-,-,,None
-,-,,None
-,-,,None
-,-,,None
-,-,,None
-,-,,None
-,-,,None
-,-,,None
-,-,,None
-,-,,None
-,-,,None
-,-,,None
-,-,,None
-,-,,None
-,-,,None
-,-,,None
-,-,,None
-,-,,None
-,-,,None
-,-,,None
-,-,,None
-,-,,None
-,-,,None
-,-,,None
-,-,,None
544,496,,None
-,-,,None
544,496,,None
548,494,,None
-,-,,None
-,-,,None
-,-,,None
-,-,,None
-,-,,None
-,-,,None
-,-,,None
-,-,,None
-,-,,None
-,-,,None
-,-,,None
-,-,,None
-,-,,None
-,-,,None
-,-,,None
-,-,,None
-,-,,None
-,-,,None
-,-,,None
544,496,,None
-,-,,None
-,-,,None
-,-,,None
-,-,,None
-,-,,None
-,-,,None
-,-,,None
-,-,,None
-,-,,None
-,-,,None
-,-,,None
-,-,,None
-,-,,None
-,-,,None
-,-,,None
-,-,,None
-,-,,None
-,-,,None
-,-,,None
544,496,,None
544,498,,None
-,-,,None
-,-,,None
-,-,,None
-,-,,None
-,-,,None
-,-,,None
-,-,,None
-,-,,None
-,-,,None
-,-,,None
-,-,,None
-,-,,None
-,-,,None
552,454,,None
-,-,,None
-,-,,None
-,-,,None
-,-,,None
-,-,,None
-,-,,None
-,-,,None
-,-,,None
-,-,,None
-,-,,None
-,-,,None
-,-,,None
-,-,,None
-,-,,None
-,-,,None
-,-,,None
-,-,,None
-,-,,None
-,-,,None
-,-,,None
-,-,,None
-,-,,None
-,-,,None
-,-,,None
-,-,,None
-,-,,None
-,-,,None
-,-,,None
-,-,,None
-,-,,None
-,-,,None
-,-,,None
-,-,,None
-,-,,None
-,-,,None
-,-,,None
-,-,,None
-,-,,None
-,-,,None
-,-,,None
-,-,,None
-,-,,None
-,-,,None
-,-,,None
-,-,,None
-,-,,None
-,-,,None
-,-,,None
-,-,,None
-,-,,None
-,-,,None
-,-,,None
-,-,,None
-,-,,None
-,-,,None
-,-,,None
-,-,,None
-,-,,None
-,-,,None
-,-,,None
-,-,,None
-,-,,None
-,-,,None
-,-,,None
-,-,,None
-,-,,None
-,-,,None
-,-,,None
-,-,,None
-,-,,None
-,-,,None
-,-,,None
-,-,,None
-,-,,None
-,-,,None
-,-,,None
-,-,,None
-,-,,None
-,-,,None
-,-,,None
-,-,,None
-,-,,None
-,-,,None
-,-,,None
-,-,,None
-,-,,None
-,-,,None
-,-,,None
-,-,,None
-,-,,None
-,-,,None
-,-,,None
-,-,,None
-,-,,None
-,-,,None
-,-,,None
-,-,,None
-,-,,None
-,-,,None
-,-,,None
-,-,,None
-,-,,None
-,-,,None
-,-,,None
-,-,,None
-,-,,None
-,-,,None
-,-,,None
-,-,,None
-,-,,None
-,-,,None
-,-,,None
-,-,,None
-,-,,None
-,-,,None
-,-,,None
-,-,,None
-,-,,None
-,-,,None
-,-,,None
-,-,,None
-,-,,None
-,-,,None
-,-,,None
-,-,,None
-,-,,None
-,-,,None
-,-,,None
-,-,,None
-,-,,None
-,-,,None
-,-,,None
-,-,,None
-,-,,None
-,-,,None
-,-,,None
-,-,,None
-,-,,None
-,-,,None
-,-,,None
-,-,,None
-,-,,None
-,-,,None
-,-,,None
-,-,,None
-,-,,None
-,-,,None
-,-,,None
-,-,,None
-,-,,None
-,-,,None
-,-,,None
-,-,,None
-,-,,None
-,-,,None
-,-,,None
-,-,,None
-,-,,None
-,-,,None
-,-,,None
-,-,,None
-,-,,None
-,-,,None
-,-,,None
-,-,,None
-,-,,None
-,-,,None
-,-,,None
-,-,,None
-,-,,None
-,-,,None
-,-,,None
-,-,,None
-,-,,None
-,-,,None
-,-,,None
-,-,,None
-,-,,None
-,-,,None
-,-,,None
-,-,,None
-,-,,None
-,-,,None
-,-,,None
-,-,,None
-,-,,None
-,-,,None
-,-,,None
-,-,,None
-,-,,None
-,-,,None
-,-,,None
-,-,,None
-,-,,None
-,-,,None
-,-,,None
-,-,,None
-,-,,None
-,-,,None
-,-,,None
-,-,,None
-,-,,None
-,-,,None
-,-,,None
-,-,,None
-,-,,None
-,-,,None
-,-,,None
-,-,,None
-,-,,None
-,-,,None
-,-,,None
-,-,,None
-,-,,None
-,-,,None
-,-,,None
-,-,,None
-,-,,None
-,-,,None
-,-,,None
-,-,,None
-,-,,None
-,-,,None
540,502,,None
-,-,,None
-,-,,None
-,-,,None
-,-,,None
-,-,,None
-,-,,None
-,-,,None
-,-,,None
-,-,,None
-,-,,None
-,-,,None
-,-,,None
-,-,,None
-,-,,None
-,-,,None
-,-,,None
-,-,,None
-,-,,None
-,-,,None
-,-,,None
-,-,,None
-,-,,None
-,-,,None
-,-,,None
-,-,,None
-,-,,None
-,-,,None
-,-,,None
-,-,,None
-,-,,None
-,-,,None
-,-,,None
-,-,,None
-,-,,None
-,-,,None
-,-,,None
-,-,,None
-,-,,None
-,-,,None
-,-,,None
-,-,,None
-,-,,None
-,-,,None
-,-,,None
-,-,,None
-,-,,None
-,-,,None
-,-,,None
-,-,,None
-,-,,None
-,-,,None
-,-,,None
-,-,,None
-,-,,None
-,-,,None
-,-,,None
-,-,,None
-,-,,None
-,-,,None
-,-,,None
-,-,,None
-,-,,None
-,-,,None
-,-,,None
-,-,,None
-,-,,None
-,-,,None
-,-,,None
-,-,,None
-,-,,None
-,-,,None
-,-,,None
-,-,,None
-,-,,None
-,-,,None
-,-,,None
-,-,,None
-,-,,None
-,-,,None
-,-,,None
-,-,,None
-,-,,None
-,-,,None
-,-,,None
-,-,,None
-,-,,None
-,-,,None
-,-,,None
-,-,,None
-,-,,None
-,-,,None
-,-,,None
-,-,,None
-,-,,None
-,-,,None
-,-,,None
-,-,,None
-,-,,None
-,-,,None
-,-,,None
-,-,,None
-,-,,None
-,-,,None
-,-,,None
-,-,,None
-,-,,None
-,-,,None
-,-,,None
-,-,,None
-,-,,None
-,-,,None
-,-,,None
-,-,,None
-,-,,None
-,-,,None
-,-,,None
-,-,,None
-,-,,None
-,-,,None
-,-,,None
-,-,,None
-,-,,None
-,-,,None
-,-,,None
-,-,,None
-,-,,None
-,-,,None
-,-,,None
-,-,,None
-,-,,None
-,-,,None
-,-,,None
-,-,,None
-,-,,None
-,-,,None
-,-,,None
-,-,,None
-,-,,None
-,-,,None
-,-,,None
-,-,,None
-,-,,None
-,-,,None
-,-,,None
-,-,,None
-,-,,None
-,-,,None
-,-,,None
-,-,,None
-,-,,None
-,-,,None
-,-,,None
-,-,,None
-,-,,None
-,-,,None
-,-,,None
-,-,,None
-,-,,None
-,-,,None
-,-,,None
-,-,,None
-,-,,None
-,-,,None
-,-,,None
-,-,,None
-,-,,None
-,-,,None
-,-,,None
-,-,,None
-,-,,None
-,-,,None
-,-,,None
-,-,,None
-,-,,None
-,-,,None
-,-,,None
-,-,,None
-,-,,None
-,-,,None
-,-,,None
-,-,,None
-,-,,None
-,-,,None
-,-,,None
-,-,,None
-,-,,None
-,-,,None
-,-,,None
-,-,,None
-,-,,None
-,-,,None
-,-,,None
-,-,,None
-,-,,None
-,-,,None
-,-,,None
-,-,,None
-,-,,None
-,-,,None
-,-,,None
-,-,,None
-,-,,None
-,-,,None
-,-,,None
-,-,,None
-,-,,None
-,-,,None
-,-,,None
-,-,,None
-,-,,None
-,-,,None
-,-,,None
-,-,,None
-,-,,None
-,-,,None
-,-,,None
-,-,,None
-,-,,None
-,-,,None
-,-,,None
-,-,,None
-,-,,None
-,-,,None
-,-,,None
-,-,,None
-,-,,None
-,-,,None
-,-,,None
-,-,,None
-,-,,None
-,-,,None
-,-,,None
-,-,,None
-,-,,None
-,-,,None
-,-,,None
-,-,,None
-,-,,None
-,-,,None
-,-,,None
-,-,,None
-,-,,None
-,-,,None
-,-,,None
-,-,,None
-,-,,None
-,-,,None
-,-,,None
-,-,,None
-,-,,None
-,-,,None
-,-,,None
-,-,,None
-,-,,None
-,-,,None
-,-,,None
-,-,,None
-,-,,None
-,-,,None
-,-,,None
-,-,,None
-,-,,None
-,-,,None
-,-,,None
-,-,,None
-,-,,None
-,-,,None
-,-,,None
-,-,,None
-,-,,None
-,-,,None
-,-,,None
-,-,,None
-,-,,None
-,-,,None
-,-,,None
-,-,,None
-,-,,None
-,-,,None
-,-,,None
-,-,,None
-,-,,None
-,-,,None
-,-,,None
-,-,,None
-,-,,None
-,-,,None
-,-,,None
-,-,,None
524,434,,None
514,436,,None
512,442,,None
518,446,,None
530,452,,None
536,452,,None
536,450,,None
540,450,,None
-,-,,None
536,450,,None
-,-,,None
530,452,,None
-,-,,None
524,452,,None
522,450,,None
518,448,,None
-,-,,None
-,-,,None
532,458,,None
-,-,,None
-,-,,None
-,-,,None
-,-,,None
534,504,,None
530,504,,None
532,506,,None
530,504,,None
530,496,,None
-,-,,None
-,-,,None
-,-,,None
-,-,,None
-,-,,None
-,-,,None
-,-,,None
-,-,,None
532,460,,None
-,-,,None
-,-,,None
-,-,,None
-,-,,None
-,-,,None
532,504,,None
534,504,,None
532,504,,None
-,-,,None
-,-,,None
-,-,,None
-,-,,None
-,-,,None
-,-,,None
-,-,,None
-,-,,None
-,-,,None
-,-,,None
-,-,,None
-,-,,None
546,470,,None
-,-,,None
-,-,,None
536,504,,None
536,502,,None
536,500,,None
538,494,,None
-,-,,None
-,-,,None
-,-,,None
-,-,,None
-,-,,None
-,-,,None
-,-,,None
540,456,,None
-,-,,None
-,-,,None
542,462,,None
544,468,,None
-,-,,None
-,-,,None
-,-,,None
534,500,,None
536,500,,None
540,496,,None
-,-,,None
-,-,,None
-,-,,None
-,-,,None
-,-,,None
-,-,,None
542,458,,None
542,456,,None
542,458,,None
-,-,,None
-,-,,None
-,-,,None
-,-,,None
-,-,,None
-,-,,None
536,504,,None
536,504,,None
536,500,,None
-,-,,None
-,-,,None
546,482,,None
-,-,,None
-,-,,None
-,-,,None
-,-,,None
-,-,,None
-,-,,None
-,-,,None
-,-,,None
-,-,,None
-,-,,None
-,-,,None
-,-,,None
-,-,,None
-,-,,None
536,502,,None
-,-,,None
538,500,,None
-,-,,None
-,-,,None
-,-,,None
-,-,,None
-,-,,None
-,-,,None
-,-,,None
-,-,,None
-,-,,None
-,-,,None
-,-,,None
-,-,,None
-,-,,None
-,-,,None
-,-,,None
-,-,,None
-,-,,None
-,-,,None
-,-,,None
-,-,,None
-,-,,None
-,-,,None
-,-,,None
536,502,,None
-,-,,None
-,-,,None
-,-,,None
-,-,,None
-,-,,None
-,-,,None
-,-,,None
-,-,,None
-,-,,None
-,-,,None
-,-,,None
-,-,,None
-,-,,None
-,-,,None
-,-,,None
-,-,,None
-,-,,None
-,-,,None
-,-,,None
-,-,,None
-,-,,None
-,-,,None
-,-,,None
-,-,,None
-,-,,None
-,-,,None
-,-,,None
-,-,,None
-,-,,None
-,-,,None
-,-,,None
-,-,,None
-,-,,None
-,-,,None
-,-,,None
-,-,,None
544,460,,None
-,-,,None
-,-,,None
-,-,,None
-,-,,None
532,504,,None
530,506,,None
528,504,,None
530,502,,None
530,498,,None
532,490,,None
534,478,,None
-,-,,None
534,464,,None
530,458,,None
528,456,,None
528,454,,None
528,456,,None
528,456,,None
528,456,,None
528,458,,None
528,460,,None
530,462,,None
534,468,,None
538,474,,None
-,-,,None
-,-,,None
-,-,,None
528,510,,None
528,510,,None
530,508,,None
528,508,,None
532,502,,None
-,-,,None
-,-,,None
544,476,,None
544,468,,None
540,464,,None
536,464,,None
536,462,,None
538,462,,None
-,-,,None
538,462,,None
538,464,,None
540,466,,None
542,470,,None
-,-,,None
-,-,,None
-,-,,None
-,-,,None
530,508,,None
532,508,,None
534,506,,None
532,504,,None
536,500,,None
-,-,,None
-,-,,None
-,-,,None
-,-,,None
-,-,,None
-,-,,None
-,-,,None
-,-,,None
-,-,,None
-,-,,None
-,-,,None
-,-,,None
-,-,,None
-,-,,None
-,-,,None
-,-,,None
-,-,,None
-,-,,None
536,502,,None
536,502,,None
536,502,,None
538,498,,None
-,-,,None
542,486,,None
-,-,,None
-,-,,None
-,-,,None
-,-,,None
-,-,,None
-,-,,None
-,-,,None
-,-,,None
-,-,,None
-,-,,None
-,-,,None
-,-,,None
-,-,,None
-,-,,None
-,-,,None
-,-,,None
-,-,,None
538,504,,None
536,504,,None
536,504,,None
538,502,,None
538,500,,None
-,-,,None
-,-,,None
-,-,,None
-,-,,None
-,-,,None
-,-,,None
-,-,,None
-,-,,None
-,-,,None
-,-,,None
-,-,,None
-,-,,None
-,-,,None
-,-,,None
-,-,,None
-,-,,None
-,-,,None
-,-,,None
-,-,,None
538,504,,None
538,506,,None
538,504,,None
540,502,,None
540,498,,None
-,-,,None
546,488,,None
-,-,,None
-,-,,None
-,-,,None
-,-,,None
-,-,,None
-,-,,None
-,-,,None
-,-,,None
-,-,,None
-,-,,None
-,-,,None
-,-,,None
-,-,,None
-,-,,None
-,-,,None
-,-,,None
-,-,,None
-,-,,None
-,-,,None
-,-,,None
-,-,,None
-,-,,None
-,-,,None
-,-,,None
-,-,,None
-,-,,None
-,-,,None
-,-,,None
-,-,,None
-,-,,None
-,-,,None
-,-,,None
-,-,,None
-,-,,None
-,-,,None
-,-,,None
-,-,,None
-,-,,None
-,-,,None
-,-,,None
-,-,,None
-,-,,None
538,504,,None
538,504,,None
538,502,,None
538,500,,None
538,498,,None
538,496,,None
542,490,,None
-,-,,None
-,-,,None
548,472,,None
-,-,,None
-,-,,None
538,458,,None
-,-,,None
-,-,,None
-,-,,None
-,-,,None
-,-,,None
-,-,,None
-,-,,None
-,-,,None
-,-,,None
-,-,,None
-,-,,None
-,-,,None
536,504,,None
536,504,,None
538,502,,None
538,498,,None
-,-,,None
542,488,,None
-,-,,None
-,-,,None
-,-,,None
-,-,,None
-,-,,None
-,-,,None
-,-,,None
-,-,,None
-,-,,None
-,-,,None
-,-,,None
-,-,,None
-,-,,None
-,-,,None
-,-,,None
-,-,,None
-,-,,None
538,504,,None
536,506,,None
536,504,,None
538,502,,None
538,498,,None
538,494,,None
540,490,,None
-,-,,None
-,-,,None
-,-,,None
-,-,,None
-,-,,None
-,-,,None
-,-,,None
-,-,,None
-,-,,None
-,-,,None
-,-,,None
-,-,,None
-,-,,None
-,-,,None
-,-,,None
-,-,,None
-,-,,None
538,504,,None
-,-,,None
536,502,,None
-,-,,None
-,-,,None
-,-,,None
-,-,,None
-,-,,None
-,-,,None
-,-,,None
-,-,,None
-,-,,None
-,-,,None
-,-,,None
-,-,,None
-,-,,None
-,-,,None
-,-,,None
544,464,,None
-,-,,None
-,-,,None
-,-,,None
-,-,,None
-,-,,None
538,504,,None
538,502,,None
538,500,,None
-,-,,None
-,-,,None
546,484,,None
-,-,,None
-,-,,None
-,-,,None
544,462,,None
-,-,,None
-,-,,None
-,-,,None
-,-,,None
-,-,,None
-,-,,None
-,-,,None
-,-,,None
-,-,,None
-,-,,None
-,-,,None
-,-,,None
-,-,,None
-,-,,None
-,-,,None
538,502,,None
536,504,,None
538,502,,None
536,502,,None
538,500,,None
540,498,,None
542,494,,None
-,-,,None
546,484,,None
-,-,,None
-,-,,None
-,-,,None
-,-,,None
-,-,,None
-,-,,None
-,-,,None
-,-,,None
-,-,,None
-,-,,None
-,-,,None
-,-,,None
-,-,,None
-,-,,None
-,-,,None
-,-,,None
-,-,,None
-,-,,None
536,506,,None
538,504,,None
538,502,,None
538,500,,None
542,498,,None
-,-,,None
-,-,,None
546,488,,None
-,-,,None
-,-,,None
-,-,,None
546,468,,None
-,-,,None
-,-,,None
538,462,,None
536,462,,None
536,462,,None
536,462,,None
540,464,,None
540,466,,None
-,-,,None
-,-,,None
-,-,,None
-,-,,None
534,506,,None
534,510,,None
534,508,,None
534,508,,None
534,504,,None
534,500,,None
-,-,,None
-,-,,None
-,-,,None
-,-,,None
532,466,,None
530,464,,None
528,460,,None
-,-,,None
526,460,,None
-,-,,None
530,464,,None
530,466,,None
532,466,,None
534,472,,None
538,476,,None
-,-,,None
-,-,,None
-,-,,None
532,510,,None
532,510,,None
532,506,,None
530,504,,None
528,500,,None
528,494,,None
-,-,,None
526,474,,None
-,-,,None
-,-,,None
-,-,,None
-,-,,None
-,-,,None
-,-,,None
-,-,,None
-,-,,None
-,-,,None
-,-,,None
-,-,,None
-,-,,None
-,-,,None
-,-,,None
-,-,,None
-,-,,None
-,-,,None
-,-,,None
-,-,,None
-,-,,None
-,-,,None
-,-,,None
-,-,,None
-,-,,None
-,-,,None
-,-,,None
436,332,,None
430,332,,None
422,330,,None
416,330,,None
412,328,,None
410,330,,None
410,332,,None
410,336,,None
408,336,,None
-,-,,None
-,-,,None
-,-,,None
-,-,,None
388,356,,None
-,-,,None
-,-,,None
-,-,,None
-,-,,None
-,-,,None
-,-,,None
-,-,,None
-,-,,None
-,-,,None
-,-,,None
-,-,,None
-,-,,None
-,-,,None
-,-,,None
-,-,,None
-,-,,None
-,-,,None
-,-,,None
-,-,,None
-,-,,None
-,-,,None
-,-,,None
-,-,,None
-,-,,None
-,-,,None
-,-,,None
-,-,,None
-,-,,None
-,-,,None
-,-,,None
-,-,,None
-,-,,None
-,-,,None
-,-,,None
-,-,,None
-,-,,None
-,-,,None
-,-,,None
-,-,,None
-,-,,None
-,-,,None
-,-,,None
-,-,,None
-,-,,None
-,-,,None
-,-,,None
-,-,,None
-,-,,None
-,-,,None
-,-,,None
-,-,,None
-,-,,None
-,-,,None
-,-,,None
-,-,,None
-,-,,None
-,-,,None
-,-,,None
-,-,,None
-,-,,None
-,-,,None
-,-,,None
-,-,,None
-,-,,None
-,-,,None
-,-,,None
-,-,,None
-,-,,None
-,-,,None
-,-,,None
-,-,,None
-,-,,None
-,-,,None
-,-,,None
-,-,,None
-,-,,None
-,-,,None
-,-,,None
-,-,,None
-,-,,None
-,-,,None
-,-,,None
-,-,,None
-,-,,None
-,-,,None
-,-,,None
-,-,,None
-,-,,None
-,-,,None
-,-,,None
-,-,,None
-,-,,None
-,-,,None
-,-,,None
-,-,,None
-,-,,None
-,-,,None
-,-,,None
-,-,,None
-,-,,None
-,-,,None
-,-,,None
-,-,,None
-,-,,None
-,-,,None
-,-,,None
-,-,,None
-,-,,None
-,-,,None
-,-,,None
-,-,,None
-,-,,None
-,-,,None
-,-,,None
-,-,,None
-,-,,None
-,-,,None
-,-,,None
-,-,,None
-,-,,None
-,-,,None
-,-,,None
-,-,,None
-,-,,None
-,-,,None
-,-,,None
-,-,,None
-,-,,None
-,-,,None
-,-,,None
-,-,,None
-,-,,None
-,-,,None
-,-,,None
-,-,,None
-,-,,None
-,-,,None
-,-,,None
-,-,,None
-,-,,None
-,-,,None
-,-,,None
-,-,,None
-,-,,None
-,-,,None
-,-,,None
-,-,,None
-,-,,None
-,-,,None
-,-,,None
-,-,,None
-,-,,None
-,-,,None
-,-,,None
-,-,,None
-,-,,None
-,-,,None
-,-,,None
-,-,,None
-,-,,None
-,-,,None
-,-,,None
-,-,,None
-,-,,None
-,-,,None
-,-,,None
-,-,,None
-,-,,None
-,-,,None
-,-,,None
-,-,,None
-,-,,None
-,-,,None
-,-,,None
-,-,,None
-,-,,None
-,-,,None
-,-,,None
-,-,,None
-,-,,None
-,-,,None
-,-,,None
-,-,,None
